health_system,variable,iter,chain,mean,variance
A,race,1,Chain 1,1,0
A,race,1,Chain 2,1,0
A,race,1,Chain 3,1,0
A,race,1,Chain 4,1.75,2.25
A,race,1,Chain 5,1,0
A,race,2,Chain 1,1,0
A,race,2,Chain 2,1.75,2.25
A,race,2,Chain 3,2.25,6.25
A,race,2,Chain 4,1,0
A,race,2,Chain 5,1,0
A,race,3,Chain 1,1,0
A,race,3,Chain 2,1.75,2.25
A,race,3,Chain 3,1.25,0.25
A,race,3,Chain 4,1.25,0.25
A,race,3,Chain 5,2.25,3.58333333333333
A,race,4,Chain 1,1.25,0.25
A,race,4,Chain 2,1.75,2.25
A,race,4,Chain 3,1,0
A,race,4,Chain 4,1.75,0.916666666666667
A,race,4,Chain 5,1.25,0.25
A,race,5,Chain 1,1.25,0.25
A,race,5,Chain 2,1.5,1
A,race,5,Chain 3,1,0
A,race,5,Chain 4,1.75,2.25
A,race,5,Chain 5,1,0
A,ethnicity,1,Chain 1,1.18181818181818,0.163636363636364
A,ethnicity,1,Chain 2,1.18181818181818,0.163636363636364
A,ethnicity,1,Chain 3,1.36363636363636,0.254545454545455
A,ethnicity,1,Chain 4,1.27272727272727,0.218181818181818
A,ethnicity,1,Chain 5,1.36363636363636,0.254545454545455
A,ethnicity,2,Chain 1,1.45454545454545,0.272727272727273
A,ethnicity,2,Chain 2,1.36363636363636,0.254545454545455
A,ethnicity,2,Chain 3,1.27272727272727,0.218181818181818
A,ethnicity,2,Chain 4,1.27272727272727,0.218181818181818
A,ethnicity,2,Chain 5,1.36363636363636,0.254545454545455
A,ethnicity,3,Chain 1,1.45454545454545,0.272727272727273
A,ethnicity,3,Chain 2,1,0
A,ethnicity,3,Chain 3,1.36363636363636,0.254545454545455
A,ethnicity,3,Chain 4,1.09090909090909,0.0909090909090909
A,ethnicity,3,Chain 5,1.36363636363636,0.254545454545455
A,ethnicity,4,Chain 1,1.45454545454545,0.272727272727273
A,ethnicity,4,Chain 2,1.27272727272727,0.218181818181818
A,ethnicity,4,Chain 3,1.36363636363636,0.254545454545455
A,ethnicity,4,Chain 4,1.18181818181818,0.163636363636364
A,ethnicity,4,Chain 5,1.36363636363636,0.254545454545455
A,ethnicity,5,Chain 1,1.54545454545455,0.272727272727273
A,ethnicity,5,Chain 2,1.27272727272727,0.218181818181818
A,ethnicity,5,Chain 3,1.36363636363636,0.254545454545455
A,ethnicity,5,Chain 4,1.36363636363636,0.254545454545455
A,ethnicity,5,Chain 5,1.45454545454545,0.272727272727273
A,bmi,1,Chain 1,30.386330866532,52.2078131527588
A,bmi,1,Chain 2,30.6866643826212,47.127018746326
A,bmi,1,Chain 3,29.6619622815559,39.7946484924167
A,bmi,1,Chain 4,30.7598392085039,53.2207485012064
A,bmi,1,Chain 5,30.1310250416125,37.1978470927024
A,bmi,2,Chain 1,31.2015804374728,43.1439577556694
A,bmi,2,Chain 2,29.9777628685017,56.4557025940112
A,bmi,2,Chain 3,30.1979684945378,40.8337235663739
A,bmi,2,Chain 4,29.3048242647399,49.6153840363984
A,bmi,2,Chain 5,29.5906194730373,50.7559907579512
A,bmi,3,Chain 1,31.1601725093128,50.7235792360376
A,bmi,3,Chain 2,29.897114882191,40.9539042954623
A,bmi,3,Chain 3,29.550582094427,48.6931293940546
A,bmi,3,Chain 4,31.8538605398217,46.865049206424
A,bmi,3,Chain 5,30.6128907967352,63.1910201883755
A,bmi,4,Chain 1,30.2760021252609,49.0116882703015
A,bmi,4,Chain 2,30.820554831203,55.2132800285963
A,bmi,4,Chain 3,30.7462534175431,52.641258984477
A,bmi,4,Chain 4,32.1808856599267,44.1816645676073
A,bmi,4,Chain 5,30.5768001664883,57.1708154028049
A,bmi,5,Chain 1,29.9349539971246,31.468162520505
A,bmi,5,Chain 2,29.8677495275047,50.8944026594004
A,bmi,5,Chain 3,31.1372121081197,63.7447903891471
A,bmi,5,Chain 4,29.6256229126606,46.1052333743632
A,bmi,5,Chain 5,30.039651415773,45.8581662903815
A,marital_status,1,Chain 1,1.6,0.3
A,marital_status,1,Chain 2,1.6,0.3
A,marital_status,1,Chain 3,2.4,1.3
A,marital_status,1,Chain 4,1.4,0.3
A,marital_status,1,Chain 5,1.8,1.2
A,marital_status,2,Chain 1,1.8,0.7
A,marital_status,2,Chain 2,1.6,0.8
A,marital_status,2,Chain 3,1.6,0.3
A,marital_status,2,Chain 4,1.4,0.3
A,marital_status,2,Chain 5,1.6,1.8
A,marital_status,3,Chain 1,2,1
A,marital_status,3,Chain 2,1.4,0.3
A,marital_status,3,Chain 3,1.6,0.3
A,marital_status,3,Chain 4,2,1.5
A,marital_status,3,Chain 5,2,0.5
A,marital_status,4,Chain 1,1.8,0.2
A,marital_status,4,Chain 2,1.2,0.2
A,marital_status,4,Chain 3,1.2,0.2
A,marital_status,4,Chain 4,1.6,1.8
A,marital_status,4,Chain 5,1.8,0.7
A,marital_status,5,Chain 1,2,0
A,marital_status,5,Chain 2,2,0.5
A,marital_status,5,Chain 3,1.4,0.3
A,marital_status,5,Chain 4,2.2,1.2
A,marital_status,5,Chain 5,2,1.5
A,zip3_adi,1,Chain 1,51.37317806,134.812294111618
A,zip3_adi,1,Chain 2,37.2337086233333,44.8874206733667
A,zip3_adi,1,Chain 3,56.4968536933333,7.48790211783577
A,zip3_adi,1,Chain 4,34.8923053833333,82.2220919788073
A,zip3_adi,1,Chain 5,44.30531142,163.843826041458
A,zip3_adi,2,Chain 1,34.8923053833333,82.2220919788073
A,zip3_adi,2,Chain 2,39.13030632,269.224851989098
A,zip3_adi,2,Chain 3,47.6732138066667,81.1837403266498
A,zip3_adi,2,Chain 4,50.12485695,61.657914544777
A,zip3_adi,2,Chain 5,48.92292905,93.9319734886972
A,zip3_adi,3,Chain 1,48.6606595433333,68.4171936765076
A,zip3_adi,3,Chain 2,39.7488943666667,102.668472431346
A,zip3_adi,3,Chain 3,41.64717357,113.017479841317
A,zip3_adi,3,Chain 4,44.65509819,118.735744385332
A,zip3_adi,3,Chain 5,42.46723141,207.795930513794
A,zip3_adi,4,Chain 1,48.3208823666667,261.432276981801
A,zip3_adi,4,Chain 2,42.46723141,207.795930513794
A,zip3_adi,4,Chain 3,39.13030632,269.224851989098
A,zip3_adi,4,Chain 4,36.4119692766667,136.884732657724
A,zip3_adi,4,Chain 5,43.4335313633333,202.482087350695
A,zip3_adi,5,Chain 1,49.5926387933333,53.9848312159962
A,zip3_adi,5,Chain 2,43.15090218,190.305950509376
A,zip3_adi,5,Chain 3,51.6412660933333,124.245076621555
A,zip3_adi,5,Chain 4,41.89997283,213.525151915281
A,zip3_adi,5,Chain 5,55.3583797366667,22.1680688434746
A,temp_c_mean,1,Chain 1,36.8529572739274,0.702493896571577
A,temp_c_mean,1,Chain 2,36.7892316321954,0.769722835646194
A,temp_c_mean,1,Chain 3,36.9719629794091,0.63077217976472
A,temp_c_mean,1,Chain 4,37.1080678004529,0.823411968818504
A,temp_c_mean,1,Chain 5,37.042563522395,0.779566905284771
A,temp_c_mean,2,Chain 1,36.7723739968951,0.726281688608851
A,temp_c_mean,2,Chain 2,36.855611092413,0.62308048391538
A,temp_c_mean,2,Chain 3,36.8468500782785,0.616139200432743
A,temp_c_mean,2,Chain 4,36.9293657028922,0.774761315515914
A,temp_c_mean,2,Chain 5,36.7930372429006,0.675158014154236
A,temp_c_mean,3,Chain 1,36.8173235185721,0.619120185448792
A,temp_c_mean,3,Chain 2,36.8616967591103,0.575638117992323
A,temp_c_mean,3,Chain 3,36.745685234552,0.770306003177408
A,temp_c_mean,3,Chain 4,37.0491374114868,0.693428221658601
A,temp_c_mean,3,Chain 5,36.8193678060192,0.543537931249958
A,temp_c_mean,4,Chain 1,36.7210291951121,0.64585366227359
A,temp_c_mean,4,Chain 2,36.8037351491277,0.572215505166033
A,temp_c_mean,4,Chain 3,36.858182675295,0.628654096555319
A,temp_c_mean,4,Chain 4,36.8975734497749,0.746598842368972
A,temp_c_mean,4,Chain 5,36.8565931644632,0.662932882653707
A,temp_c_mean,5,Chain 1,36.9545325895886,0.667716030713226
A,temp_c_mean,5,Chain 2,36.7034128878777,0.587313942954707
A,temp_c_mean,5,Chain 3,36.6101847696358,0.493065941732383
A,temp_c_mean,5,Chain 4,36.9292034992285,0.722679126214309
A,temp_c_mean,5,Chain 5,36.7666794648319,0.432412650552008
A,heart_rate_mean,1,Chain 1,77.4574506144998,389.930613102592
A,heart_rate_mean,1,Chain 2,77.7665124101504,334.036102844225
A,heart_rate_mean,1,Chain 3,80.5812757968731,405.411614799693
A,heart_rate_mean,1,Chain 4,78.3014135400479,412.771278657681
A,heart_rate_mean,1,Chain 5,77.788467701601,366.061747349018
A,heart_rate_mean,2,Chain 1,81.7210977420329,364.233973553887
A,heart_rate_mean,2,Chain 2,84.5446274593991,447.080171987715
A,heart_rate_mean,2,Chain 3,82.8063761104962,357.504894523715
A,heart_rate_mean,2,Chain 4,81.1422399573185,423.238444492727
A,heart_rate_mean,2,Chain 5,82.4012659018362,397.384334019108
A,heart_rate_mean,3,Chain 1,88.2801242236025,417.883102484472
A,heart_rate_mean,3,Chain 2,81.1278652674348,433.855389493098
A,heart_rate_mean,3,Chain 3,84.1625066071702,444.853021646892
A,heart_rate_mean,3,Chain 4,79.9499293351514,415.781974431434
A,heart_rate_mean,3,Chain 5,81.4195307118579,410.09829017223
A,heart_rate_mean,4,Chain 1,85.3784679089027,436.867686249137
A,heart_rate_mean,4,Chain 2,84.3642758140782,382.017129932896
A,heart_rate_mean,4,Chain 3,85.8817182676608,429.353934733058
A,heart_rate_mean,4,Chain 4,80.4895568167432,372.867291707561
A,heart_rate_mean,4,Chain 5,81.5322213830453,428.922132276389
A,heart_rate_mean,5,Chain 1,82.3678983558484,368.662434138353
A,heart_rate_mean,5,Chain 2,77.5002001240935,389.358898962733
A,heart_rate_mean,5,Chain 3,82.6752819946459,424.038646396052
A,heart_rate_mean,5,Chain 4,84.9538960174249,419.826513796324
A,heart_rate_mean,5,Chain 5,81.3068322981366,452.42851552795
A,resp_rate_mean,1,Chain 1,25.0216157797143,304.023479554049
A,resp_rate_mean,1,Chain 2,17.3780437040169,149.131670459795
A,resp_rate_mean,1,Chain 3,18.5061557556233,178.477585625193
A,resp_rate_mean,1,Chain 4,18.3032664147623,177.659563420128
A,resp_rate_mean,1,Chain 5,20.5644483624647,151.261550591386
A,resp_rate_mean,2,Chain 1,20.9754160388582,190.737887732864
A,resp_rate_mean,2,Chain 2,20.8718503026614,220.850361965328
A,resp_rate_mean,2,Chain 3,19.9935191772927,228.037653354541
A,resp_rate_mean,2,Chain 4,22.4430015133593,250.258949319487
A,resp_rate_mean,2,Chain 5,19.7159611502919,208.175814349961
A,resp_rate_mean,3,Chain 1,18.3031926944883,171.600528175395
A,resp_rate_mean,3,Chain 2,20.0127836977864,247.650134702916
A,resp_rate_mean,3,Chain 3,21.7731997944117,223.532951386418
A,resp_rate_mean,3,Chain 4,18.9136437069941,185.870922123439
A,resp_rate_mean,3,Chain 5,21.4325859100357,275.783116784052
A,resp_rate_mean,4,Chain 1,19.2185691381033,250.136649766897
A,resp_rate_mean,4,Chain 2,20.4740614949958,231.243927035261
A,resp_rate_mean,4,Chain 3,24.1356146579877,234.245066631642
A,resp_rate_mean,4,Chain 4,21.8850131417613,212.546516009601
A,resp_rate_mean,4,Chain 5,20.7500625638418,204.588188845416
A,resp_rate_mean,5,Chain 1,18.03008883701,170.382344712147
A,resp_rate_mean,5,Chain 2,20.9975192995456,199.049962797432
A,resp_rate_mean,5,Chain 3,20.5552802057123,219.427892688439
A,resp_rate_mean,5,Chain 4,20.0685669753312,204.238901944085
A,resp_rate_mean,5,Chain 5,19.8763960646593,183.03375941791
A,syst_bp_mean,1,Chain 1,134.388311688312,515.164829810712
A,syst_bp_mean,1,Chain 2,129.567640692641,536.980915893293
A,syst_bp_mean,1,Chain 3,132.333062770563,613.093330082454
A,syst_bp_mean,1,Chain 4,131.395995670996,469.754254920824
A,syst_bp_mean,1,Chain 5,130.159090909091,617.140646662706
A,syst_bp_mean,2,Chain 1,128.940584415584,544.415417303285
A,syst_bp_mean,2,Chain 2,129.093073593074,611.619457884164
A,syst_bp_mean,2,Chain 3,129.807359307359,603.630403002952
A,syst_bp_mean,2,Chain 4,128.836958874459,553.117801312023
A,syst_bp_mean,2,Chain 5,129.709956709957,571.991940884098
A,syst_bp_mean,3,Chain 1,130.165043290043,588.723354282791
A,syst_bp_mean,3,Chain 2,128.919967532468,504.203326451372
A,syst_bp_mean,3,Chain 3,129.361363636364,534.572289232191
A,syst_bp_mean,3,Chain 4,130.848214285714,593.134047716309
A,syst_bp_mean,3,Chain 5,132.880681818182,582.248571808774
A,syst_bp_mean,4,Chain 1,134.142586580087,551.612989798192
A,syst_bp_mean,4,Chain 2,134.466829004329,575.077527660475
A,syst_bp_mean,4,Chain 3,131.218344155844,573.241059713027
A,syst_bp_mean,4,Chain 4,127.463203463203,589.926378632261
A,syst_bp_mean,4,Chain 5,136.385443722944,511.391555520777
A,syst_bp_mean,5,Chain 1,127.72895021645,504.343535945944
A,syst_bp_mean,5,Chain 2,132.993073593074,509.233949532675
A,syst_bp_mean,5,Chain 3,128.904761904762,569.316215375039
A,syst_bp_mean,5,Chain 4,129.807359307359,574.648558413264
A,syst_bp_mean,5,Chain 5,129.793614718615,538.2921603052
A,diast_bp_mean,1,Chain 1,77.6014084507042,253.445577198415
A,diast_bp_mean,1,Chain 2,74.8223004694836,239.842816734925
A,diast_bp_mean,1,Chain 3,75.9234154929577,227.555196939617
A,diast_bp_mean,1,Chain 4,80.9394366197183,229.193185495955
A,diast_bp_mean,1,Chain 5,74.3528169014085,242.148088935504
A,diast_bp_mean,2,Chain 1,73.0631455399061,227.349183731229
A,diast_bp_mean,2,Chain 2,77.4211267605634,238.852411014551
A,diast_bp_mean,2,Chain 3,74.3320422535211,221.779565894183
A,diast_bp_mean,2,Chain 4,76.7068075117371,228.167463179392
A,diast_bp_mean,2,Chain 5,74.4291079812207,229.14511992364
A,diast_bp_mean,3,Chain 1,75.4605633802817,215.191924660651
A,diast_bp_mean,3,Chain 2,77.3117370892019,232.529207205407
A,diast_bp_mean,3,Chain 3,77.6180751173709,230.963083108581
A,diast_bp_mean,3,Chain 4,77.5276995305164,237.36690262933
A,diast_bp_mean,3,Chain 5,75.5920187793427,229.891031199014
A,diast_bp_mean,4,Chain 1,74.8588615023474,233.818268533086
A,diast_bp_mean,4,Chain 2,76.3516431924883,242.854918478563
A,diast_bp_mean,4,Chain 3,76.5915492957747,239.618651483368
A,diast_bp_mean,4,Chain 4,78.0988262910798,221.45942335653
A,diast_bp_mean,4,Chain 5,75.5100938967136,205.35492497142
A,diast_bp_mean,5,Chain 1,74.4239436619718,217.233890720208
A,diast_bp_mean,5,Chain 2,76.6079812206573,240.323939000433
A,diast_bp_mean,5,Chain 3,75.8464788732394,249.761134085839
A,diast_bp_mean,5,Chain 4,74.1877934272301,231.037328272234
A,diast_bp_mean,5,Chain 5,74.8279342723005,223.31090050944
A,o2_sat_mean,1,Chain 1,95.5937060495839,11.2662709701916
A,o2_sat_mean,1,Chain 2,95.2026244633559,9.37067807237761
A,o2_sat_mean,1,Chain 3,95.4303401263112,14.2172803142675
A,o2_sat_mean,1,Chain 4,95.8041743372379,11.3390857721995
A,o2_sat_mean,1,Chain 5,96.4212004264027,8.33059546256944
A,o2_sat_mean,2,Chain 1,95.6895221489498,10.5021299136774
A,o2_sat_mean,2,Chain 2,95.1468207150056,9.59866924771385
A,o2_sat_mean,2,Chain 3,95.5067970929196,10.554594002248
A,o2_sat_mean,2,Chain 4,95.4266218397853,10.7316744357782
A,o2_sat_mean,2,Chain 5,95.7337336865316,10.0554312140779
A,o2_sat_mean,3,Chain 1,95.5841921448146,10.9606311179125
A,o2_sat_mean,3,Chain 2,95.2241403982868,11.0588785460059
A,o2_sat_mean,3,Chain 3,95.0538589827858,11.4522306914774
A,o2_sat_mean,3,Chain 4,95.6132324332558,10.6769955074032
A,o2_sat_mean,3,Chain 5,95.316112859211,12.7384007764641
A,o2_sat_mean,4,Chain 1,95.0292654215048,12.6979228654407
A,o2_sat_mean,4,Chain 2,94.6528798092674,9.056684369473
A,o2_sat_mean,4,Chain 3,95.1561934878568,12.4600681729631
A,o2_sat_mean,4,Chain 4,95.2420604590167,12.9583968191592
A,o2_sat_mean,4,Chain 5,95.999156448104,9.49259459929463
A,o2_sat_mean,5,Chain 1,95.5478114142908,11.7187065097373
A,o2_sat_mean,5,Chain 2,94.9020893504098,10.2533145356732
A,o2_sat_mean,5,Chain 3,95.4103070451754,13.7719798656287
A,o2_sat_mean,5,Chain 4,95.9928623943863,11.9688067803109
A,o2_sat_mean,5,Chain 5,95.5874201843391,11.3241197550911
B,race,1,Chain 1,2.25,6.25
B,race,1,Chain 2,1,0
B,race,1,Chain 3,1.5,1
B,race,1,Chain 4,1,0
B,race,1,Chain 5,2.75,2.25
B,race,2,Chain 1,1,0
B,race,2,Chain 2,1.25,0.25
B,race,2,Chain 3,1,0
B,race,2,Chain 4,1,0
B,race,2,Chain 5,1.75,2.25
B,race,3,Chain 1,1.5,1
B,race,3,Chain 2,1.75,2.25
B,race,3,Chain 3,1,0
B,race,3,Chain 4,1.75,2.25
B,race,3,Chain 5,1.75,2.25
B,race,4,Chain 1,1.5,1
B,race,4,Chain 2,1,0
B,race,4,Chain 3,1,0
B,race,4,Chain 4,1.75,0.916666666666667
B,race,4,Chain 5,1,0
B,race,5,Chain 1,2.25,6.25
B,race,5,Chain 2,3,6
B,race,5,Chain 3,1,0
B,race,5,Chain 4,2,2
B,race,5,Chain 5,1,0
B,ethnicity,1,Chain 1,1.2,0.177777777777778
B,ethnicity,1,Chain 2,1.7,0.233333333333333
B,ethnicity,1,Chain 3,1.2,0.177777777777778
B,ethnicity,1,Chain 4,1.6,0.266666666666667
B,ethnicity,1,Chain 5,1.4,0.266666666666667
B,ethnicity,2,Chain 1,1.2,0.177777777777778
B,ethnicity,2,Chain 2,1.4,0.266666666666667
B,ethnicity,2,Chain 3,1.4,0.266666666666667
B,ethnicity,2,Chain 4,1.4,0.266666666666667
B,ethnicity,2,Chain 5,1.7,0.233333333333333
B,ethnicity,3,Chain 1,1.6,0.266666666666667
B,ethnicity,3,Chain 2,1.4,0.266666666666667
B,ethnicity,3,Chain 3,1.3,0.233333333333333
B,ethnicity,3,Chain 4,1.4,0.266666666666667
B,ethnicity,3,Chain 5,1.4,0.266666666666667
B,ethnicity,4,Chain 1,1.5,0.277777777777778
B,ethnicity,4,Chain 2,1.5,0.277777777777778
B,ethnicity,4,Chain 3,1.4,0.266666666666667
B,ethnicity,4,Chain 4,1.5,0.277777777777778
B,ethnicity,4,Chain 5,1.5,0.277777777777778
B,ethnicity,5,Chain 1,1.4,0.266666666666667
B,ethnicity,5,Chain 2,1.4,0.266666666666667
B,ethnicity,5,Chain 3,1.4,0.266666666666667
B,ethnicity,5,Chain 4,1.4,0.266666666666667
B,ethnicity,5,Chain 5,1.5,0.277777777777778
B,bmi,1,Chain 1,29.8584893894336,36.9945777555043
B,bmi,1,Chain 2,29.7793482873304,34.2777173026529
B,bmi,1,Chain 3,29.7259962195483,46.8267750700851
B,bmi,1,Chain 4,31.453097422232,60.0086208436687
B,bmi,1,Chain 5,30.2284213753777,40.3704264829641
B,bmi,2,Chain 1,29.5892792618291,43.8515110908681
B,bmi,2,Chain 2,29.5707627106829,37.6633895609229
B,bmi,2,Chain 3,30.8865720995677,43.9571194459818
B,bmi,2,Chain 4,28.9931102580085,44.81971529784
B,bmi,2,Chain 5,29.3671872230368,28.2473902319038
B,bmi,3,Chain 1,29.7478529198962,34.0863879498936
B,bmi,3,Chain 2,28.9679024366917,26.8774262419415
B,bmi,3,Chain 3,29.8476066260314,40.1511194856626
B,bmi,3,Chain 4,31.1465882875205,45.4407138993132
B,bmi,3,Chain 5,29.6689034622602,35.2882023851808
B,bmi,4,Chain 1,30.5753502242992,53.6008458064941
B,bmi,4,Chain 2,29.5985786729273,39.0451435521008
B,bmi,4,Chain 3,29.7698269306165,41.9793797444717
B,bmi,4,Chain 4,30.6402442481277,51.9347180246548
B,bmi,4,Chain 5,29.7941669414375,53.0375926657467
B,bmi,5,Chain 1,29.8861819297952,41.3219272378649
B,bmi,5,Chain 2,30.3887347330822,42.7260803403232
B,bmi,5,Chain 3,29.5939672299795,35.7704000625238
B,bmi,5,Chain 4,29.7324028736658,45.6101161111729
B,bmi,5,Chain 5,30.4661305876808,58.4346578523669
B,marital_status,1,Chain 1,1.5,0.5
B,marital_status,1,Chain 2,2,0
B,marital_status,1,Chain 3,1.5,0.5
B,marital_status,1,Chain 4,1.5,0.5
B,marital_status,1,Chain 5,3.5,0.5
B,marital_status,2,Chain 1,1,0
B,marital_status,2,Chain 2,2.5,4.5
B,marital_status,2,Chain 3,3.5,0.5
B,marital_status,2,Chain 4,2.5,4.5
B,marital_status,2,Chain 5,4,0
B,marital_status,3,Chain 1,2.5,0.5
B,marital_status,3,Chain 2,2,2
B,marital_status,3,Chain 3,2.5,0.5
B,marital_status,3,Chain 4,4,0
B,marital_status,3,Chain 5,2.5,0.5
B,marital_status,4,Chain 1,4,0
B,marital_status,4,Chain 2,1.5,0.5
B,marital_status,4,Chain 3,2.5,4.5
B,marital_status,4,Chain 4,2.5,0.5
B,marital_status,4,Chain 5,2.5,0.5
B,marital_status,5,Chain 1,3,2
B,marital_status,5,Chain 2,2,0
B,marital_status,5,Chain 3,2,0
B,marital_status,5,Chain 4,1.5,0.5
B,marital_status,5,Chain 5,2,0
B,temp_c_mean,1,Chain 1,36.8766609409922,0.759352141560231
B,temp_c_mean,1,Chain 2,36.847717602531,0.921564004760672
B,temp_c_mean,1,Chain 3,36.9737540379669,0.776774270338743
B,temp_c_mean,1,Chain 4,37.0452287829699,0.919632063059245
B,temp_c_mean,1,Chain 5,36.8514222285594,0.710058691895682
B,temp_c_mean,2,Chain 1,36.8435007081993,0.891119966727931
B,temp_c_mean,2,Chain 2,36.8235770485192,0.802263770661215
B,temp_c_mean,2,Chain 3,36.8859910995309,1.02216466961286
B,temp_c_mean,2,Chain 4,36.7645832878925,0.821617764796164
B,temp_c_mean,2,Chain 5,36.7823134017288,0.815639372709568
B,temp_c_mean,3,Chain 1,36.7491750661852,0.718313825663468
B,temp_c_mean,3,Chain 2,36.882192512613,0.91788467560469
B,temp_c_mean,3,Chain 3,36.8372512903242,0.777562917572253
B,temp_c_mean,3,Chain 4,36.8592480974393,0.792317386105509
B,temp_c_mean,3,Chain 5,36.8119212981419,0.842333267731047
B,temp_c_mean,4,Chain 1,36.9709245534417,0.792240919455241
B,temp_c_mean,4,Chain 2,36.9298622535141,0.843094779291938
B,temp_c_mean,4,Chain 3,36.8191196118883,0.745606954743927
B,temp_c_mean,4,Chain 4,36.9676634486391,0.75504778651377
B,temp_c_mean,4,Chain 5,36.9237015064141,0.770946903255678
B,temp_c_mean,5,Chain 1,36.9400229349486,0.844178360498894
B,temp_c_mean,5,Chain 2,36.8034375687367,0.719170869790339
B,temp_c_mean,5,Chain 3,36.851857796233,0.863035863363103
B,temp_c_mean,5,Chain 4,36.9617878549399,0.851807438356433
B,temp_c_mean,5,Chain 5,36.8885152855085,0.79935610034813
B,heart_rate_mean,1,Chain 1,76.9041329731017,235.290836472666
B,heart_rate_mean,1,Chain 2,80.1242172782388,320.503847736008
B,heart_rate_mean,1,Chain 3,80.9410332616981,309.687089248354
B,heart_rate_mean,1,Chain 4,84.4377980541699,328.873522434085
B,heart_rate_mean,1,Chain 5,81.98351706586,294.531150037729
B,heart_rate_mean,2,Chain 1,83.3369440884682,329.794422109288
B,heart_rate_mean,2,Chain 2,77.3766192586731,306.176136595253
B,heart_rate_mean,2,Chain 3,86.3492181267156,359.792471568857
B,heart_rate_mean,2,Chain 4,78.3358255908344,327.911392670637
B,heart_rate_mean,2,Chain 5,79.0262208058075,317.243544980323
B,heart_rate_mean,3,Chain 1,79.8092403058252,284.758044653981
B,heart_rate_mean,3,Chain 2,85.081328473967,355.580174181988
B,heart_rate_mean,3,Chain 3,79.769676016751,196.989220714099
B,heart_rate_mean,3,Chain 4,79.2188486996819,278.313338706077
B,heart_rate_mean,3,Chain 5,81.7463630845728,371.213743465918
B,heart_rate_mean,4,Chain 1,79.9363873761988,224.22348965539
B,heart_rate_mean,4,Chain 2,83.139597628036,353.239009818795
B,heart_rate_mean,4,Chain 3,81.0448862367638,329.560107434499
B,heart_rate_mean,4,Chain 4,80.8608960004772,312.766669624121
B,heart_rate_mean,4,Chain 5,78.5952159636671,329.26054799323
B,heart_rate_mean,5,Chain 1,85.6132346992996,355.106921298646
B,heart_rate_mean,5,Chain 2,88.3169583909698,316.974405734013
B,heart_rate_mean,5,Chain 3,83.629672273886,331.119029579324
B,heart_rate_mean,5,Chain 4,86.1497856729597,347.355499123064
B,heart_rate_mean,5,Chain 5,78.4431515001276,321.150867582795
B,resp_rate_mean,1,Chain 1,24.0540335649562,297.643959428274
B,resp_rate_mean,1,Chain 2,27.07168551959,373.088733988068
B,resp_rate_mean,1,Chain 3,25.6500116369472,352.227895456435
B,resp_rate_mean,1,Chain 4,25.4716425645187,339.516896430221
B,resp_rate_mean,1,Chain 5,21.3278442282477,247.123095210436
B,resp_rate_mean,2,Chain 1,25.8339341259715,336.340476088179
B,resp_rate_mean,2,Chain 2,25.0688969789451,331.318295746752
B,resp_rate_mean,2,Chain 3,29.3952999219369,347.151747944051
B,resp_rate_mean,2,Chain 4,22.851604371235,332.090009453656
B,resp_rate_mean,2,Chain 5,23.0271025401615,326.989931582356
B,resp_rate_mean,3,Chain 1,25.2262734677401,316.586719363028
B,resp_rate_mean,3,Chain 2,25.1450274861308,321.152245548985
B,resp_rate_mean,3,Chain 3,26.1624589195708,353.998215282223
B,resp_rate_mean,3,Chain 4,22.496032576945,300.853147983545
B,resp_rate_mean,3,Chain 5,23.5787467845883,312.514968542517
B,resp_rate_mean,4,Chain 1,22.8538074244543,298.953983150585
B,resp_rate_mean,4,Chain 2,25.2523994291544,300.040643863911
B,resp_rate_mean,4,Chain 3,27.3876887319087,341.061351100772
B,resp_rate_mean,4,Chain 4,27.9768761939123,359.183995793278
B,resp_rate_mean,4,Chain 5,20.0967504168127,234.818636958823
B,resp_rate_mean,5,Chain 1,27.3850351820225,319.896795032849
B,resp_rate_mean,5,Chain 2,21.1725812954843,264.206296626867
B,resp_rate_mean,5,Chain 3,21.7576667181899,337.65458455922
B,resp_rate_mean,5,Chain 4,26.3204653635863,367.154868422469
B,resp_rate_mean,5,Chain 5,25.2066068239283,349.781351590031
B,syst_bp_mean,1,Chain 1,133.49372960373,541.98534779628
B,syst_bp_mean,1,Chain 2,130.990769230769,612.714952892069
B,syst_bp_mean,1,Chain 3,138.615384615385,569.664877757901
B,syst_bp_mean,1,Chain 4,130.038461538462,671.789206917114
B,syst_bp_mean,1,Chain 5,135.485780885781,630.092880011696
B,syst_bp_mean,2,Chain 1,134.638461538462,686.620214669052
B,syst_bp_mean,2,Chain 2,137.918088578089,602.797038736692
B,syst_bp_mean,2,Chain 3,135.961538461538,663.014013118664
B,syst_bp_mean,2,Chain 4,132.970769230769,668.253712581992
B,syst_bp_mean,2,Chain 5,130.246293706294,553.135897810435
B,syst_bp_mean,3,Chain 1,131.647319347319,655.552030008986
B,syst_bp_mean,3,Chain 2,133.113333333333,637.811793281654
B,syst_bp_mean,3,Chain 3,131.556923076923,647.670067978533
B,syst_bp_mean,3,Chain 4,137.265384615385,635.620885509839
B,syst_bp_mean,3,Chain 5,129.704382284382,564.894293187198
B,syst_bp_mean,4,Chain 1,128.912051282051,551.359276552044
B,syst_bp_mean,4,Chain 2,132.055268065268,592.414256561933
B,syst_bp_mean,4,Chain 3,137.137179487179,596.110450208706
B,syst_bp_mean,4,Chain 4,134.669230769231,651.060286225403
B,syst_bp_mean,4,Chain 5,134.9,663.191472868217
B,syst_bp_mean,5,Chain 1,135.721678321678,635.631847504152
B,syst_bp_mean,5,Chain 2,129.153846153846,546.828861061419
B,syst_bp_mean,5,Chain 3,136.126153846154,586.326907573047
B,syst_bp_mean,5,Chain 4,128.898717948718,628.297371297953
B,syst_bp_mean,5,Chain 5,126.673986013986,567.187044338326
B,diast_bp_mean,1,Chain 1,77.3022388059702,212.818115250814
B,diast_bp_mean,1,Chain 2,76.3047263681592,204.183344243694
B,diast_bp_mean,1,Chain 3,79.0223880597015,177.459645382112
B,diast_bp_mean,1,Chain 4,76.1708955223881,196.604936034115
B,diast_bp_mean,1,Chain 5,79.2696517412935,171.469732041547
B,diast_bp_mean,2,Chain 1,74.8845771144279,177.173076971035
B,diast_bp_mean,2,Chain 2,78.3407960199005,167.076384992332
B,diast_bp_mean,2,Chain 3,77.7253731343284,184.71318594995
B,diast_bp_mean,2,Chain 4,75.3970149253731,185.643900796768
B,diast_bp_mean,2,Chain 5,74.4186567164179,176.723634272248
B,diast_bp_mean,3,Chain 1,76.4664179104478,199.567660756369
B,diast_bp_mean,3,Chain 2,77.2805970149254,204.086688362698
B,diast_bp_mean,3,Chain 3,77.8088308457711,184.431201713862
B,diast_bp_mean,3,Chain 4,77.8686567164179,203.182017730894
B,diast_bp_mean,3,Chain 5,76.1537313432836,199.440950884674
B,diast_bp_mean,4,Chain 1,73.281592039801,172.299792266736
B,diast_bp_mean,4,Chain 2,76.9388059701493,194.396527886881
B,diast_bp_mean,4,Chain 3,75.7582089552239,134.862563685333
B,diast_bp_mean,4,Chain 4,74.2893034825871,161.555415217147
B,diast_bp_mean,4,Chain 5,79.292039800995,207.353302909014
B,diast_bp_mean,5,Chain 1,78.1119402985075,216.999405229492
B,diast_bp_mean,5,Chain 2,74.4218905472637,177.045264903552
B,diast_bp_mean,5,Chain 3,74.2859452736319,148.979560795646
B,diast_bp_mean,5,Chain 4,73.2894278606965,189.551693989327
B,diast_bp_mean,5,Chain 5,77.910447761194,193.79643137695
B,o2_sat_mean,1,Chain 1,96.7216439534639,13.1842053920376
B,o2_sat_mean,1,Chain 2,95.2768018309156,13.2625684172167
B,o2_sat_mean,1,Chain 3,96.9800703991037,11.2061658313219
B,o2_sat_mean,1,Chain 4,96.2481157573031,12.3886846450928
B,o2_sat_mean,1,Chain 5,96.0312985760328,11.2281514624184
B,o2_sat_mean,2,Chain 1,96.1334448406835,11.1668372721393
B,o2_sat_mean,2,Chain 2,96.4411376610644,11.4246074534158
B,o2_sat_mean,2,Chain 3,96.5353639896623,13.4454391940335
B,o2_sat_mean,2,Chain 4,96.1863150917731,11.7170905437958
B,o2_sat_mean,2,Chain 5,96.1308647426893,14.2998218737459
B,o2_sat_mean,3,Chain 1,96.6292318591429,11.9500458130912
B,o2_sat_mean,3,Chain 2,96.6635021880337,11.9315842847534
B,o2_sat_mean,3,Chain 3,96.5101390651228,9.35426941592731
B,o2_sat_mean,3,Chain 4,96.7972903492335,11.4733513323126
B,o2_sat_mean,3,Chain 5,96.654338747927,9.15581907996052
B,o2_sat_mean,4,Chain 1,96.8406868317376,12.0000674112978
B,o2_sat_mean,4,Chain 2,96.525392258532,11.3297176762192
B,o2_sat_mean,4,Chain 3,96.7931074161251,10.9549666205328
B,o2_sat_mean,4,Chain 4,95.9761157363218,10.4653455057451
B,o2_sat_mean,4,Chain 5,96.899751726763,10.0454626957377
B,o2_sat_mean,5,Chain 1,96.4423008090131,12.0530185760084
B,o2_sat_mean,5,Chain 2,96.1296871987922,14.3866304530785
B,o2_sat_mean,5,Chain 3,96.8525854227383,10.4746455354407
B,o2_sat_mean,5,Chain 4,96.0755157371004,11.5381335696659
B,o2_sat_mean,5,Chain 5,96.4024681762352,11.6603842600028
C,bmi,1,Chain 1,28.484590131336,11.5042916804555
C,bmi,1,Chain 2,26.8757142857143,25.0135952380952
C,bmi,1,Chain 3,32.5771428571429,41.4799571428572
C,bmi,1,Chain 4,29.4057142857143,22.7281619047619
C,bmi,1,Chain 5,30.2233474681492,32.6239373375237
C,bmi,2,Chain 1,30.9616934855427,37.0477605931136
C,bmi,2,Chain 2,28.0031220569713,17.3289655740243
C,bmi,2,Chain 3,30.7342857142857,44.0875285714286
C,bmi,2,Chain 4,31.0103044170503,25.5183024112107
C,bmi,2,Chain 5,30.3231615599074,38.2729809694051
C,bmi,3,Chain 1,27.8700395029362,11.7843089100078
C,bmi,3,Chain 2,30.5631220569713,50.581983153716
C,bmi,3,Chain 3,29.7387968397494,46.5626798249566
C,bmi,3,Chain 4,29.2530825540351,23.6884448147679
C,bmi,3,Chain 5,31.5530825540351,33.3550351081128
C,bmi,4,Chain 1,29.8200395029362,24.0722291716484
C,bmi,4,Chain 2,27.7345111254637,39.2422816169466
C,bmi,4,Chain 3,32.3643252172219,18.996056560646
C,bmi,4,Chain 4,31.1671428571429,28.4265904761905
C,bmi,4,Chain 5,29.7733869710854,18.6367523175234
C,bmi,5,Chain 1,34.2261651080702,18.6667060879561
C,bmi,5,Chain 2,32.1545111254637,12.2562568763311
C,bmi,5,Chain 3,29.9215075773009,57.3753872606468
C,bmi,5,Chain 4,26.8371428571429,43.5037571428571
C,bmi,5,Chain 5,30.2443252172219,13.2854853018368
C,temp_c_mean,1,Chain 1,36.9613702572957,0.0762267840503459
C,temp_c_mean,1,Chain 2,36.8879844511214,0.0644160838470667
C,temp_c_mean,1,Chain 3,36.7898363029733,0.020682403222802
C,temp_c_mean,1,Chain 4,36.8927019027474,0.052685125220223
C,temp_c_mean,1,Chain 5,36.875514474024,0.00226158909098259
C,temp_c_mean,2,Chain 1,36.9524351415911,0.0432948194786769
C,temp_c_mean,2,Chain 2,36.9422021152,0.0175467538419959
C,temp_c_mean,2,Chain 3,36.8796179508691,0.00252546218243188
C,temp_c_mean,2,Chain 4,36.85144039995,0.0144846724833345
C,temp_c_mean,2,Chain 5,36.8829931790239,0.000856947683798562
C,temp_c_mean,3,Chain 1,36.8455680379832,0.0378846070552564
C,temp_c_mean,3,Chain 2,36.8894169784663,0.0549251828773915
C,temp_c_mean,3,Chain 3,36.9603755156546,0.0148208786958263
C,temp_c_mean,3,Chain 4,36.9125988289951,0.0121811773179244
C,temp_c_mean,3,Chain 5,36.9228958158351,0.0485160736852125
C,temp_c_mean,4,Chain 1,36.8326837097562,0.0123913780733848
C,temp_c_mean,4,Chain 2,36.8322213993095,0.027034317991449
C,temp_c_mean,4,Chain 3,36.8857967865772,0.0116686140001644
C,temp_c_mean,4,Chain 4,37.1079833600032,0.0971637739720089
C,temp_c_mean,4,Chain 5,36.856174494091,0.000850315193555972
C,temp_c_mean,5,Chain 1,36.9635935706362,0.127998071593521
C,temp_c_mean,5,Chain 2,36.7657075738218,0.0271533297441184
C,temp_c_mean,5,Chain 3,36.9264662297255,0.0840418373134455
C,temp_c_mean,5,Chain 4,36.8806126925103,0.0641121165901369
C,temp_c_mean,5,Chain 5,37.0276757951436,0.0730473071581598
C,heart_rate_mean,1,Chain 1,66.737152882731,14.3619951579945
C,heart_rate_mean,1,Chain 2,64.8422917296386,14.3619951579945
C,heart_rate_mean,1,Chain 3,63.8948611530924,11.4895961263956
C,heart_rate_mean,1,Chain 4,65.7897223061848,15.3194615018608
C,heart_rate_mean,1,Chain 5,66.737152882731,14.3619951579945
C,heart_rate_mean,2,Chain 1,65.3160070179117,15.0800949158943
C,heart_rate_mean,2,Chain 2,65.7897223061848,15.3194615018608
C,heart_rate_mean,2,Chain 3,66.737152882731,14.3619951579945
C,heart_rate_mean,2,Chain 4,66.2634375944579,15.0800949158943
C,heart_rate_mean,2,Chain 5,64.8422917296386,14.3619951579945
C,heart_rate_mean,3,Chain 1,65.3160070179117,15.0800949158943
C,heart_rate_mean,3,Chain 2,66.737152882731,14.3619951579945
C,heart_rate_mean,3,Chain 3,64.3685764413655,13.1651622281617
C,heart_rate_mean,3,Chain 4,66.737152882731,14.3619951579945
C,heart_rate_mean,3,Chain 5,66.2634375944579,15.0800949158943
C,heart_rate_mean,4,Chain 1,65.3160070179117,15.0800949158943
C,heart_rate_mean,4,Chain 2,66.737152882731,14.3619951579945
C,heart_rate_mean,4,Chain 3,65.3160070179117,15.0800949158943
C,heart_rate_mean,4,Chain 4,66.737152882731,14.3619951579945
C,heart_rate_mean,4,Chain 5,66.737152882731,14.3619951579945
C,heart_rate_mean,5,Chain 1,65.3160070179117,15.0800949158943
C,heart_rate_mean,5,Chain 2,66.737152882731,14.3619951579945
C,heart_rate_mean,5,Chain 3,64.3685764413655,13.1651622281617
C,heart_rate_mean,5,Chain 4,64.8422917296386,14.3619951579945
C,heart_rate_mean,5,Chain 5,65.7897223061848,15.3194615018608
C,resp_rate_mean,1,Chain 1,16.969696969697,3.01010101010101
C,resp_rate_mean,1,Chain 2,17.9727272727273,2.60151515151515
C,resp_rate_mean,1,Chain 3,18.0787878787879,3.36494949494949
C,resp_rate_mean,1,Chain 4,18.0666666666667,3.53866666666667
C,resp_rate_mean,1,Chain 5,17.3151515151515,3.28785858585858
C,resp_rate_mean,2,Chain 1,17.430303030303,4.03654545454545
C,resp_rate_mean,2,Chain 2,16.7757575757576,1.55090909090909
C,resp_rate_mean,2,Chain 3,16.3787878787879,1.8449494949495
C,resp_rate_mean,2,Chain 4,17.2151515151515,4.01919191919192
C,resp_rate_mean,2,Chain 5,16.9121212121212,3.62272727272727
C,resp_rate_mean,3,Chain 1,17.6848484848485,1.92363636363636
C,resp_rate_mean,3,Chain 2,17.8242424242424,1.33179797979798
C,resp_rate_mean,3,Chain 3,17.6575757575758,3.63957575757576
C,resp_rate_mean,3,Chain 4,17.1212121212121,0.956060606060606
C,resp_rate_mean,3,Chain 5,17.8969696969697,1.01010101010101
C,resp_rate_mean,4,Chain 1,17.6515151515152,3.21919191919192
C,resp_rate_mean,4,Chain 2,17.8848484848485,1.3289696969697
C,resp_rate_mean,4,Chain 3,17.1666666666667,2.56666666666667
C,resp_rate_mean,4,Chain 4,16.1969696969697,1.52676767676768
C,resp_rate_mean,4,Chain 5,17.4575757575758,3.40090909090909
C,resp_rate_mean,5,Chain 1,16.8787878787879,0.778282828282828
C,resp_rate_mean,5,Chain 2,16.8060606060606,2.00373737373737
C,resp_rate_mean,5,Chain 3,15.9545454545455,2.37272727272727
C,resp_rate_mean,5,Chain 4,16.7,2.89333333333333
C,resp_rate_mean,5,Chain 5,17.6545454545455,1.97939393939394
C,syst_bp_mean,1,Chain 1,144.454545454545,80.9527272727273
C,syst_bp_mean,1,Chain 2,135.090909090909,254.290909090909
C,syst_bp_mean,1,Chain 3,130.109090909091,119.674909090909
C,syst_bp_mean,1,Chain 4,125.945454545455,56.7127272727273
C,syst_bp_mean,1,Chain 5,132.709090909091,128.218909090909
C,syst_bp_mean,2,Chain 1,131.181818181818,122.163636363636
C,syst_bp_mean,2,Chain 2,136.236363636364,135.902545454546
C,syst_bp_mean,2,Chain 3,134.327272727273,151.186181818182
C,syst_bp_mean,2,Chain 4,135.636363636364,271.854545454546
C,syst_bp_mean,2,Chain 5,133.981818181818,219.251636363636
C,syst_bp_mean,3,Chain 1,133.109090909091,103.354909090909
C,syst_bp_mean,3,Chain 2,131.345454545455,151.400727272727
C,syst_bp_mean,3,Chain 3,135.272727272727,184.618181818182
C,syst_bp_mean,3,Chain 4,129.090909090909,164.890909090909
C,syst_bp_mean,3,Chain 5,130.363636363636,96.2545454545455
C,syst_bp_mean,4,Chain 1,145.036363636364,141.094545454545
C,syst_bp_mean,4,Chain 2,129.472727272727,124.682181818182
C,syst_bp_mean,4,Chain 3,129.290909090909,127.234909090909
C,syst_bp_mean,4,Chain 4,139.709090909091,125.498909090909
C,syst_bp_mean,4,Chain 5,133.345454545455,110.280727272727
C,syst_bp_mean,5,Chain 1,133.981818181818,219.251636363636
C,syst_bp_mean,5,Chain 2,132.763636363636,169.894545454545
C,syst_bp_mean,5,Chain 3,140.654545454545,134.816727272727
C,syst_bp_mean,5,Chain 4,138.090909090909,237.490909090909
C,syst_bp_mean,5,Chain 5,138.290909090909,93.2749090909091
C,diast_bp_mean,1,Chain 1,76.3333333333333,55.8787878787879
C,diast_bp_mean,1,Chain 2,80.5833333333333,64.4469696969697
C,diast_bp_mean,1,Chain 3,80.5833333333333,44.9924242424242
C,diast_bp_mean,1,Chain 4,82.0833333333333,47.1742424242424
C,diast_bp_mean,1,Chain 5,82.5,33.3636363636364
C,diast_bp_mean,2,Chain 1,82.25,48.5681818181818
C,diast_bp_mean,2,Chain 2,82.1666666666667,47.969696969697
C,diast_bp_mean,2,Chain 3,84.9166666666667,14.6287878787879
C,diast_bp_mean,2,Chain 4,83.75,25.6590909090909
C,diast_bp_mean,2,Chain 5,81.6666666666667,60.7878787878788
C,diast_bp_mean,3,Chain 1,82.4166666666667,50.0833333333333
C,diast_bp_mean,3,Chain 2,79.25,79.6590909090909
C,diast_bp_mean,3,Chain 3,84.0833333333333,29.3560606060606
C,diast_bp_mean,3,Chain 4,81.1666666666667,53.4242424242424
C,diast_bp_mean,3,Chain 5,79.5,85.5454545454546
C,diast_bp_mean,4,Chain 1,82.75,34.9318181818182
C,diast_bp_mean,4,Chain 2,84.5,30.8181818181818
C,diast_bp_mean,4,Chain 3,82.8333333333333,35.4242424242424
C,diast_bp_mean,4,Chain 4,83.5833333333333,24.6287878787879
C,diast_bp_mean,4,Chain 5,83,38.9090909090909
C,diast_bp_mean,5,Chain 1,84.5833333333333,30.9924242424242
C,diast_bp_mean,5,Chain 2,82.4166666666667,32.4469696969697
C,diast_bp_mean,5,Chain 3,81.3333333333333,57.8787878787879
C,diast_bp_mean,5,Chain 4,81.4166666666667,58.4469696969697
C,diast_bp_mean,5,Chain 5,82.6666666666667,34.2424242424242
C,o2_sat_mean,1,Chain 1,94.39739791159,1.73888999799234
C,o2_sat_mean,1,Chain 2,96.6666666666667,1.75
C,o2_sat_mean,1,Chain 3,95.4614624898467,1.43025478590845
C,o2_sat_mean,1,Chain 4,95.2222222222222,5.19444444444445
C,o2_sat_mean,1,Chain 5,94.5085090227011,2.25065163120595
C,o2_sat_mean,2,Chain 1,95.6196201338122,2.09049018556427
C,o2_sat_mean,2,Chain 2,96.7777777777778,3.19444444444444
C,o2_sat_mean,2,Chain 3,95.39739791159,1.59474469691483
C,o2_sat_mean,2,Chain 4,96.0640645782567,1.99864782952982
C,o2_sat_mean,2,Chain 5,95.5555555555556,2.27777777777778
C,o2_sat_mean,3,Chain 1,95.8888888888889,5.11111111111111
C,o2_sat_mean,3,Chain 2,97.1751756893678,3.19959749499925
C,o2_sat_mean,3,Chain 3,96.6666666666667,0.25
C,o2_sat_mean,3,Chain 4,95.7307312449233,1.54669626322232
C,o2_sat_mean,3,Chain 5,95.7307312449233,2.29669626322232
C,o2_sat_mean,4,Chain 1,95.8418423560344,4.7251245631026
C,o2_sat_mean,4,Chain 2,95.5555555555556,4.52777777777778
C,o2_sat_mean,4,Chain 3,97.3503513787356,4.83015031517117
C,o2_sat_mean,4,Chain 4,96.4444444444445,3.27777777777778
C,o2_sat_mean,4,Chain 5,95.8418423560344,0.9751245631026
C,o2_sat_mean,5,Chain 1,96.4444444444445,2.52777777777778
C,o2_sat_mean,5,Chain 2,97.1751756893678,3.19959749499925
C,o2_sat_mean,5,Chain 3,94.9699715125478,1.19121687988782
C,o2_sat_mean,5,Chain 4,96.3333333333333,6.25
C,o2_sat_mean,5,Chain 5,96.39739791159,5.95059939583731
D,race,1,Chain 1,1.08333333333333,0.0833333333333333
D,race,1,Chain 2,2.08333333333333,3.71969696969697
D,race,1,Chain 3,1.66666666666667,2.60606060606061
D,race,1,Chain 4,1.33333333333333,0.424242424242424
D,race,1,Chain 5,1.33333333333333,1.33333333333333
D,race,2,Chain 1,1.41666666666667,0.628787878787879
D,race,2,Chain 2,1,0
D,race,2,Chain 3,1.66666666666667,2.24242424242424
D,race,2,Chain 4,1.91666666666667,3.71969696969697
D,race,2,Chain 5,1.08333333333333,0.0833333333333333
D,race,3,Chain 1,1.66666666666667,2.24242424242424
D,race,3,Chain 2,1.58333333333333,2.26515151515152
D,race,3,Chain 3,2,3.63636363636364
D,race,3,Chain 4,1.91666666666667,2.62878787878788
D,race,3,Chain 5,1.91666666666667,3.71969696969697
D,race,4,Chain 1,1.08333333333333,0.0833333333333333
D,race,4,Chain 2,1.08333333333333,0.0833333333333333
D,race,4,Chain 3,2.33333333333333,3.87878787878788
D,race,4,Chain 4,1,0
D,race,4,Chain 5,1.5,2.09090909090909
D,race,5,Chain 1,1.5,2.09090909090909
D,race,5,Chain 2,2.08333333333333,3.71969696969697
D,race,5,Chain 3,2.33333333333333,4.96969696969697
D,race,5,Chain 4,1.25,0.386363636363636
D,race,5,Chain 5,1.66666666666667,2.60606060606061
D,ethnicity,1,Chain 1,1.1,0.1
D,ethnicity,1,Chain 2,1.1,0.1
D,ethnicity,1,Chain 3,1,0
D,ethnicity,1,Chain 4,1.1,0.1
D,ethnicity,1,Chain 5,1.2,0.177777777777778
D,ethnicity,2,Chain 1,1.2,0.177777777777778
D,ethnicity,2,Chain 2,1.2,0.177777777777778
D,ethnicity,2,Chain 3,1.1,0.1
D,ethnicity,2,Chain 4,1.3,0.233333333333333
D,ethnicity,2,Chain 5,1.2,0.177777777777778
D,ethnicity,3,Chain 1,1.2,0.177777777777778
D,ethnicity,3,Chain 2,1.1,0.1
D,ethnicity,3,Chain 3,1,0
D,ethnicity,3,Chain 4,1,0
D,ethnicity,3,Chain 5,1.2,0.177777777777778
D,ethnicity,4,Chain 1,1.4,0.266666666666667
D,ethnicity,4,Chain 2,1.1,0.1
D,ethnicity,4,Chain 3,1.1,0.1
D,ethnicity,4,Chain 4,1.1,0.1
D,ethnicity,4,Chain 5,1.3,0.233333333333333
D,ethnicity,5,Chain 1,1.2,0.177777777777778
D,ethnicity,5,Chain 2,1.2,0.177777777777778
D,ethnicity,5,Chain 3,1.1,0.1
D,ethnicity,5,Chain 4,1.1,0.1
D,ethnicity,5,Chain 5,1.5,0.277777777777778
D,bmi,1,Chain 1,30.8419361461451,43.6403477771063
D,bmi,1,Chain 2,30.0763593276621,34.8008279164561
D,bmi,1,Chain 3,31.2409720619654,43.7285627520227
D,bmi,1,Chain 4,30.4030249375299,45.7627821918562
D,bmi,1,Chain 5,31.053805404739,42.6770047011803
D,bmi,2,Chain 1,30.3292486320832,36.9559669874914
D,bmi,2,Chain 2,31.2347234644531,39.3837680986017
D,bmi,2,Chain 3,30.5300883221576,44.314090180729
D,bmi,2,Chain 4,30.5823543068066,43.0485006510944
D,bmi,2,Chain 5,30.3100055436032,37.1781866057951
D,bmi,3,Chain 1,30.5776963474204,39.2689930507636
D,bmi,3,Chain 2,29.6759994186417,36.7985052965327
D,bmi,3,Chain 3,30.7573707060621,49.084085126705
D,bmi,3,Chain 4,30.7551237404097,47.1132166302627
D,bmi,3,Chain 5,30.3182956978336,44.4717367816495
D,bmi,4,Chain 1,29.8736241883929,44.9121985821435
D,bmi,4,Chain 2,30.0353023155385,36.0861213261648
D,bmi,4,Chain 3,30.9298937054635,42.9649806400766
D,bmi,4,Chain 4,30.0473457700709,40.1945762028759
D,bmi,4,Chain 5,30.5391557866878,43.7037987139987
D,bmi,5,Chain 1,30.2866303056852,37.6995219091803
D,bmi,5,Chain 2,30.1882184732576,38.8828044089642
D,bmi,5,Chain 3,30.3824494263347,38.904748710461
D,bmi,5,Chain 4,31.2703552147309,46.9720217249667
D,bmi,5,Chain 5,30.6578002019025,43.1149105638723
D,marital_status,1,Chain 1,2,0.5
D,marital_status,1,Chain 2,1.84615384615385,0.807692307692308
D,marital_status,1,Chain 3,1.92307692307692,0.243589743589744
D,marital_status,1,Chain 4,1.92307692307692,1.07692307692308
D,marital_status,1,Chain 5,1.69230769230769,0.230769230769231
D,marital_status,2,Chain 1,1.76923076923077,0.858974358974359
D,marital_status,2,Chain 2,1.38461538461538,0.256410256410256
D,marital_status,2,Chain 3,1.84615384615385,0.307692307692308
D,marital_status,2,Chain 4,1.69230769230769,0.230769230769231
D,marital_status,2,Chain 5,1.53846153846154,0.269230769230769
D,marital_status,3,Chain 1,1.76923076923077,0.192307692307692
D,marital_status,3,Chain 2,2,0.166666666666667
D,marital_status,3,Chain 3,1.69230769230769,0.730769230769231
D,marital_status,3,Chain 4,2.15384615384615,1.14102564102564
D,marital_status,3,Chain 5,2.15384615384615,0.807692307692308
D,marital_status,4,Chain 1,1.69230769230769,0.397435897435897
D,marital_status,4,Chain 2,2.15384615384615,0.474358974358974
D,marital_status,4,Chain 3,1.76923076923077,0.858974358974359
D,marital_status,4,Chain 4,2.07692307692308,0.576923076923077
D,marital_status,4,Chain 5,1.61538461538462,0.256410256410256
D,marital_status,5,Chain 1,1.92307692307692,0.243589743589744
D,marital_status,5,Chain 2,1.92307692307692,0.243589743589744
D,marital_status,5,Chain 3,2.30769230769231,0.397435897435897
D,marital_status,5,Chain 4,1.84615384615385,0.641025641025641
D,marital_status,5,Chain 5,1.76923076923077,0.358974358974359
D,zip3_adi,1,Chain 1,42.46723141,207.795930513794
D,zip3_adi,1,Chain 2,47.2255947933333,75.1660353071993
D,zip3_adi,1,Chain 3,45.6025453233333,204.041407602105
D,zip3_adi,1,Chain 4,47.2255947933333,75.1660353071993
D,zip3_adi,1,Chain 5,34.88422927,81.9686070304503
D,zip3_adi,2,Chain 1,52.62410741,76.0421613233714
D,zip3_adi,2,Chain 2,53.5480105466667,50.7269528423894
D,zip3_adi,2,Chain 3,56.21422451,6.38799364176154
D,zip3_adi,2,Chain 4,45.41357414,128.101773035534
D,zip3_adi,2,Chain 5,39.7677471866667,6.03763283271941
D,zip3_adi,3,Chain 1,45.6025453233333,204.041407602105
D,zip3_adi,3,Chain 2,42.1680608633333,210.57689330364
D,zip3_adi,3,Chain 3,39.44972382,103.009696083358
D,zip3_adi,3,Chain 4,52.62410741,76.0421613233714
D,zip3_adi,3,Chain 5,45.8851745066667,214.138826745148
D,zip3_adi,4,Chain 1,43.1668374633333,136.884732657724
D,zip3_adi,4,Chain 2,51.6412660933333,124.245076621555
D,zip3_adi,4,Chain 3,41.88543168,197.32777978048
D,zip3_adi,4,Chain 4,46.0778967533333,93.9539519620123
D,zip3_adi,4,Chain 5,32.4267676,23.0131577298467
D,zip3_adi,5,Chain 1,37.9219838133333,62.0162678949352
D,zip3_adi,5,Chain 2,43.5244164333333,33.1132732535442
D,zip3_adi,5,Chain 3,39.75901844,149.248844639165
D,zip3_adi,5,Chain 4,40.5881977766667,142.664300697807
D,zip3_adi,5,Chain 5,45.6025453233333,204.041407602105
D,temp_c_mean,1,Chain 1,36.8402559622276,0.285207818688261
D,temp_c_mean,1,Chain 2,36.7402538267217,0.267644025919643
D,temp_c_mean,1,Chain 3,36.8303185648159,0.262430450896338
D,temp_c_mean,1,Chain 4,36.7835961826343,0.26882312368561
D,temp_c_mean,1,Chain 5,36.8083526545748,0.283436933722652
D,temp_c_mean,2,Chain 1,36.7588409305996,0.306641743799461
D,temp_c_mean,2,Chain 2,36.8103210380047,0.281877466000013
D,temp_c_mean,2,Chain 3,36.7897982078195,0.287104417443198
D,temp_c_mean,2,Chain 4,36.8070530427548,0.289158510918831
D,temp_c_mean,2,Chain 5,36.7618816274611,0.314945779389133
D,temp_c_mean,3,Chain 1,36.8288321603066,0.262502930548704
D,temp_c_mean,3,Chain 2,36.8583156197743,0.322042600696595
D,temp_c_mean,3,Chain 3,36.8010301766371,0.317715260609833
D,temp_c_mean,3,Chain 4,36.8054988474803,0.310954667066161
D,temp_c_mean,3,Chain 5,36.7555850270715,0.301752216338351
D,temp_c_mean,4,Chain 1,36.7868129559984,0.343900568198252
D,temp_c_mean,4,Chain 2,36.8499989651856,0.365049091397133
D,temp_c_mean,4,Chain 3,36.7652684988972,0.236063495025268
D,temp_c_mean,4,Chain 4,36.8285210591173,0.288265084642485
D,temp_c_mean,4,Chain 5,36.8144199001134,0.269597838645008
D,temp_c_mean,5,Chain 1,36.8488603456519,0.358048236780543
D,temp_c_mean,5,Chain 2,36.7420673756777,0.274052540657122
D,temp_c_mean,5,Chain 3,36.7575425904862,0.380602005378039
D,temp_c_mean,5,Chain 4,36.7413909254412,0.370851650865894
D,temp_c_mean,5,Chain 5,36.8533437205844,0.329273457605875
D,heart_rate_mean,1,Chain 1,79.6746408653385,214.859169015649
D,heart_rate_mean,1,Chain 2,79.095045670514,236.166678136821
D,heart_rate_mean,1,Chain 3,81.7738989216499,244.000827136028
D,heart_rate_mean,1,Chain 4,76.760941665518,202.5229616434
D,heart_rate_mean,1,Chain 5,81.6887174128928,231.780162154191
D,heart_rate_mean,2,Chain 1,81.6144744805115,276.080577324592
D,heart_rate_mean,2,Chain 2,78.4451350734259,209.006345065827
D,heart_rate_mean,2,Chain 3,80.6391417086799,290.962537443924
D,heart_rate_mean,2,Chain 4,80.1451295591047,245.956227445573
D,heart_rate_mean,2,Chain 5,81.5280036050264,222.310451073126
D,heart_rate_mean,3,Chain 1,81.8904848245111,249.154420373674
D,heart_rate_mean,3,Chain 2,81.3405933562296,230.18671921576
D,heart_rate_mean,3,Chain 3,78.6973587918345,223.121155719537
D,heart_rate_mean,3,Chain 4,77.6601349959483,253.549773530008
D,heart_rate_mean,3,Chain 5,78.6899748411825,239.34180968
D,heart_rate_mean,4,Chain 1,79.0203616894774,207.323955578589
D,heart_rate_mean,4,Chain 2,83.195895780349,244.439089679376
D,heart_rate_mean,4,Chain 3,80.5133572331183,257.727465965665
D,heart_rate_mean,4,Chain 4,80.1978233970637,204.843641541933
D,heart_rate_mean,4,Chain 5,79.0621847507401,221.150482524974
D,heart_rate_mean,5,Chain 1,81.1531096331572,260.016121808526
D,heart_rate_mean,5,Chain 2,80.1465377283546,260.909951072291
D,heart_rate_mean,5,Chain 3,79.8344589174874,214.875186320438
D,heart_rate_mean,5,Chain 4,78.681944969363,253.876378118067
D,heart_rate_mean,5,Chain 5,82.0346245744764,267.479645772385
D,resp_rate_mean,1,Chain 1,23.0201473110806,150.876507117835
D,resp_rate_mean,1,Chain 2,22.4048632230073,148.50085109153
D,resp_rate_mean,1,Chain 3,22.5046465335809,156.967057751842
D,resp_rate_mean,1,Chain 4,20.8884465883191,139.613799539055
D,resp_rate_mean,1,Chain 5,21.914795100287,131.460530160841
D,resp_rate_mean,2,Chain 1,23.0309696873559,149.685867261416
D,resp_rate_mean,2,Chain 2,23.0628609160748,149.347006270506
D,resp_rate_mean,2,Chain 3,24.0872608105354,161.551527072315
D,resp_rate_mean,2,Chain 4,22.0763643675669,144.829902021284
D,resp_rate_mean,2,Chain 5,22.011307495015,132.751830220168
D,resp_rate_mean,3,Chain 1,20.6938995502193,134.665093663016
D,resp_rate_mean,3,Chain 2,21.1278765707937,132.765761036065
D,resp_rate_mean,3,Chain 3,23.4844607807619,164.041262661274
D,resp_rate_mean,3,Chain 4,22.1543543927379,140.00532340845
D,resp_rate_mean,3,Chain 5,25.4892976393892,196.574038197949
D,resp_rate_mean,4,Chain 1,23.9878298077832,164.331808060953
D,resp_rate_mean,4,Chain 2,22.8947012322279,140.600858221714
D,resp_rate_mean,4,Chain 3,22.6886609528239,146.360030352037
D,resp_rate_mean,4,Chain 4,22.2634057534692,139.211687002244
D,resp_rate_mean,4,Chain 5,22.1393287718197,125.793299500212
D,resp_rate_mean,5,Chain 1,24.7597026966823,175.534449751611
D,resp_rate_mean,5,Chain 2,21.6803730390456,127.58050409206
D,resp_rate_mean,5,Chain 3,23.0824765626039,162.122777768467
D,resp_rate_mean,5,Chain 4,22.5502646145002,153.094930472577
D,resp_rate_mean,5,Chain 5,23.3991578718134,152.270348071545
D,syst_bp_mean,1,Chain 1,128.598528364586,270.603990516085
D,syst_bp_mean,1,Chain 2,129.665970409051,295.546302597144
D,syst_bp_mean,1,Chain 3,130.7037067806,279.887705774143
D,syst_bp_mean,1,Chain 4,131.300304612707,315.484507614938
D,syst_bp_mean,1,Chain 5,129.485655510721,315.516226372134
D,syst_bp_mean,2,Chain 1,132.836078803703,310.405544500603
D,syst_bp_mean,2,Chain 2,129.83137510879,326.112397987779
D,syst_bp_mean,2,Chain 3,129.566405570061,262.080154091045
D,syst_bp_mean,2,Chain 4,130.460273755835,302.283546144315
D,syst_bp_mean,2,Chain 5,130.43734472664,321.138431178847
D,syst_bp_mean,3,Chain 1,130.83363794604,288.078316515462
D,syst_bp_mean,3,Chain 2,130.003330959728,290.197829622493
D,syst_bp_mean,3,Chain 3,130.105613577023,267.209061628064
D,syst_bp_mean,3,Chain 4,128.249303742385,332.055421270792
D,syst_bp_mean,3,Chain 5,131.031557085212,345.013742221277
D,syst_bp_mean,4,Chain 1,131.552832502571,259.663048376871
D,syst_bp_mean,4,Chain 2,128.9247843975,305.169897211013
D,syst_bp_mean,4,Chain 3,131.442823799351,316.626927920119
D,syst_bp_mean,4,Chain 4,128.462279452488,349.195005900404
D,syst_bp_mean,4,Chain 5,130.724847693647,324.077472162606
D,syst_bp_mean,5,Chain 1,129.447780678851,262.632309634146
D,syst_bp_mean,5,Chain 2,129.845826410317,290.880089236784
D,syst_bp_mean,5,Chain 3,131.573502650526,305.363346841194
D,syst_bp_mean,5,Chain 4,130.179242819843,363.275263910343
D,syst_bp_mean,5,Chain 5,130.176552733602,331.640266729133
D,diast_bp_mean,1,Chain 1,75.7284598214286,144.059196982236
D,diast_bp_mean,1,Chain 2,77.4042658730159,133.737169075347
D,diast_bp_mean,1,Chain 3,77.571912202381,140.545704933545
D,diast_bp_mean,1,Chain 4,77.7583023313492,141.967262540258
D,diast_bp_mean,1,Chain 5,77.6982762896826,153.427427114077
D,diast_bp_mean,2,Chain 1,78.2742497519841,156.273068268065
D,diast_bp_mean,2,Chain 2,77.819959077381,153.452001603384
D,diast_bp_mean,2,Chain 3,75.325427827381,126.268460056979
D,diast_bp_mean,2,Chain 4,74.2384486607143,137.90255520238
D,diast_bp_mean,2,Chain 5,78.6975880456349,134.510935373186
D,diast_bp_mean,3,Chain 1,76.5051897321429,128.872638061514
D,diast_bp_mean,3,Chain 2,76.6379030257937,154.195110929015
D,diast_bp_mean,3,Chain 3,77.1592757936508,134.050143837489
D,diast_bp_mean,3,Chain 4,78.781355406746,126.495075931117
D,diast_bp_mean,3,Chain 5,78.5908296130952,155.214880738339
D,diast_bp_mean,4,Chain 1,78.9452132936508,141.442305790281
D,diast_bp_mean,4,Chain 2,75.744388640873,152.033079639237
D,diast_bp_mean,4,Chain 3,77.6198722718254,134.771724731575
D,diast_bp_mean,4,Chain 4,78.849962797619,152.158016226862
D,diast_bp_mean,4,Chain 5,79.722550843254,163.694090745648
D,diast_bp_mean,5,Chain 1,78.8437624007937,134.89167321613
D,diast_bp_mean,5,Chain 2,75.2226810515873,140.95576584992
D,diast_bp_mean,5,Chain 3,78.0298115079365,139.575904214747
D,diast_bp_mean,5,Chain 4,76.708345734127,126.194506254915
D,diast_bp_mean,5,Chain 5,78.8697606646826,150.896569814626
D,o2_sat_mean,1,Chain 1,95.7916227745812,7.07393019501822
D,o2_sat_mean,1,Chain 2,96.192267640238,6.88744947371126
D,o2_sat_mean,1,Chain 3,95.846283422661,7.82329482596293
D,o2_sat_mean,1,Chain 4,95.8310392317573,8.26940049958732
D,o2_sat_mean,1,Chain 5,95.584234970919,8.72753058686492
D,o2_sat_mean,2,Chain 1,95.966780362538,6.93631722952314
D,o2_sat_mean,2,Chain 2,95.3476272224815,7.89345937129445
D,o2_sat_mean,2,Chain 3,95.8590528949986,8.77102091584912
D,o2_sat_mean,2,Chain 4,96.0118090079589,7.36664771084332
D,o2_sat_mean,2,Chain 5,95.8133755284086,7.1279677978335
D,o2_sat_mean,3,Chain 1,96.0348845565971,8.06026409276067
D,o2_sat_mean,3,Chain 2,95.7169349717142,7.0930360669938
D,o2_sat_mean,3,Chain 3,96.114010748052,6.97355952879406
D,o2_sat_mean,3,Chain 4,95.8865920471037,7.15863145659148
D,o2_sat_mean,3,Chain 5,96.354326442306,7.26903076140998
D,o2_sat_mean,4,Chain 1,95.9284255953268,7.64368133894607
D,o2_sat_mean,4,Chain 2,95.6975530609426,8.93729862743638
D,o2_sat_mean,4,Chain 3,95.846763196775,8.64584738232717
D,o2_sat_mean,4,Chain 4,95.7546044175476,7.68824642343476
D,o2_sat_mean,4,Chain 5,96.3074611726023,7.66324076255783
D,o2_sat_mean,5,Chain 1,96.1802755499623,6.5718923118767
D,o2_sat_mean,5,Chain 2,95.7311446146006,8.93266944430374
D,o2_sat_mean,5,Chain 3,96.1706092538366,6.07913857109604
D,o2_sat_mean,5,Chain 4,95.4049562452122,8.90515654679955
D,o2_sat_mean,5,Chain 5,95.9931330195137,7.32388731197624
